ID10500;2104-09-23T00:00:00;REF-A0B237FF83EC;ROMIN;Mehdi;2104-10-12T20:00:00;OK
ID10501;2104-09-25T00:00:00;REF-F4983A534361;ENVERS;Nathalie;2104-10-05T19:00:00;OK
ID10502;2104-10-07T00:00:00;REF-0E601D09DF21;LAZOTE;Marion;2104-10-26T13:00:00;OK
ID10503;2104-10-23T00:00:00;REF-ACC81853BA7E;LAZOTE;Pierre;2104-11-03T16:00:00;OK
ID10504;2104-10-26T23:00:00;REF-40D3297E0120;ENVERS;Jean;2104-11-07T16:00:00;KO
ID10505;2104-10-28T23:00:00;REF-D54AF495DEB0;ROMIN;Edouard;2104-11-12T13:00:00;OK
ID10506;2104-10-30T23:00:00;REF-98B703569D18;ROMIN;Mélanie;2104-11-13T11:00:00;KO
ID10507;2104-11-05T23:00:00;REF-81EC64B06368;AFINA;Pierre;2104-11-25T16:00:00;OK
ID10508;2104-11-21T23:00:00;REF-A0B237FF83EC;ROMIN;Mehdi;2104-12-08T18:00:00;KO
ID10509;2104-12-04T23:00:00;REF-9757D546607D;ENVERS;Mélanie;2104-12-15T04:00:00;KO
ID10510;2104-12-15T23:00:00;REF-58DDB8E21AFC;LAZOTE;Mehdi;2105-01-02T17:00:00;KO
ID10511;2104-12-15T23:00:00;REF-79E08D33E2A3;ENVERS;Edouard;2104-12-29T11:00:00;OK
ID10512;2104-12-23T23:00:00;REF-2C7BFF4AD0C3;LEVASSEUR;Jean;2105-01-10T19:00:00;OK
ID10513;2105-01-11T23:00:00;REF-D54AF495DEB0;ROMIN;Edouard;2105-01-23T09:00:00;KO
ID10514;2105-01-19T23:00:00;REF-47576556DE2B;ROMIN;Nathalie;2105-02-03T13:00:00;OK
ID10515;2105-01-20T23:00:00;REF-481AA87A167F;LEVASSEUR;Mélanie;2105-02-01T18:00:00;KO
ID10516;2105-01-27T23:00:00;REF-47576556DE2B;ROMIN;Nathalie;2105-02-11T15:00:00;OK
ID10517;2105-02-12T23:00:00;REF-22649833BFF8;AFINA;Emmanuel;2105-02-27T22:00:00;OK
ID10518;2105-02-25T23:00:00;REF-0E601D09DF21;LAZOTE;Marion;2105-03-10T12:00:00;OK
ID10519;2105-03-03T23:00:00;REF-81EC64B06368;AFINA;Pierre;2105-03-15T16:00:00;OK
